<?xml version="1.0" encoding="UTF-8"?>
<project-private xmlns="http://www.netbeans.org/ns/project-private/1">
    <editor-bookmarks xmlns="http://www.netbeans.org/ns/editor-bookmarks/2" lastBookmarkId="0"/>
    <open-files xmlns="http://www.netbeans.org/ns/projectui-open-files/2">
        <group>
            <file>file:/D:/UPEA/EMERGENTES%20II/TE_mvcpersonas/src/java/com/emergentes/modelo/Persona.java</file>
            <file>file:/D:/UPEA/EMERGENTES%20II/TE_mvcpersonas/src/java/com/emergentes/controller/MainServlet.java</file>
            <file>file:/D:/UPEA/EMERGENTES%20II/TE_mvcpersonas/web/editar.jsp</file>
            <file>file:/D:/UPEA/EMERGENTES%20II/TE_mvcpersonas/web/index.jsp</file>
        </group>
    </open-files>
</project-private>
